ID,Composition,Request,Http,Compression,Cache
0,"|../repository/TCPNetwork.o,/home/roberto/dana//components/net/TCP.o,../repository/request/RequestHandler.o,../repository/app_protocols/HTTPProtocol.o,../repository/http/HTTPHeader1_0.o,../repository/http/handler/GET/HTTPGETCMP.o,/home/roberto/dana//components/io/File.o,../repository/compression/ZLIB.o,/home/roberto/dana//components/os/Run.o,/home/roberto/dana//components/time/DateUtil.o,../repository/http/util/HTTPUtil.o,/home/roberto/dana//components/data/StringUtil.o,/home/roberto/dana//components/data/adt/List.o|0:net.TCPSocket:1,0:net.TCPServerSocket:1,0:request.RequestHandler:2,2:app_protocols.AppProtocol:3,3:http.HTTPHeader:4,4:http.handler.GET.HTTPGET:5,5:io.File:6,5:compression.Compression:7,7:os.Run:8,7:time.DateUtil:9,7:io.FileSystem:6,4:http.util.HTTPUtil:10,10:io.FileSystem:6,10:data.StringUtil:11,11:data.adt.List:12|",0,0,0,0
1,"|../repository/TCPNetwork.o,/home/roberto/dana//components/net/TCP.o,../repository/request/RequestHandlerPT.o,../repository/app_protocols/HTTPProtocol.o,../repository/http/HTTPHeader1_0.o,../repository/http/handler/GET/HTTPGETCMP.o,/home/roberto/dana//components/io/File.o,../repository/compression/ZLIB.o,/home/roberto/dana//components/os/Run.o,/home/roberto/dana//components/time/DateUtil.o,../repository/http/util/HTTPUtil.o,/home/roberto/dana//components/data/StringUtil.o,/home/roberto/dana//components/data/adt/List.o|0:net.TCPSocket:1,0:net.TCPServerSocket:1,0:request.RequestHandler:2,2:app_protocols.AppProtocol:3,3:http.HTTPHeader:4,4:http.handler.GET.HTTPGET:5,5:io.File:6,5:compression.Compression:7,7:os.Run:8,7:time.DateUtil:9,7:io.FileSystem:6,4:http.util.HTTPUtil:10,10:io.FileSystem:6,10:data.StringUtil:11,11:data.adt.List:12|",2,0,0,0
2,"|../repository/TCPNetwork.o,/home/roberto/dana//components/net/TCP.o,../repository/request/RequestHandler.o,../repository/app_protocols/HTTPProtocol.o,../repository/http/HTTPHeader1_0.o,../repository/http/handler/GET/HTTPGETCH.o,../repository/http/util/HTTPUtil.o,/home/roberto/dana//components/io/File.o,/home/roberto/dana//components/data/StringUtil.o,/home/roberto/dana//components/data/adt/List.o,../repository/cache/CacheHandlerLFU.o|0:net.TCPSocket:1,0:net.TCPServerSocket:1,0:request.RequestHandler:2,2:app_protocols.AppProtocol:3,3:http.HTTPHeader:4,4:http.handler.GET.HTTPGET:5,4:http.util.HTTPUtil:6,6:io.FileSystem:7,6:data.StringUtil:8,8:data.adt.List:9,5:io.File:7,5:cache.CacheHandler:10,5:io.FileSystem:7|",1,3,0,2
3,"|../repository/TCPNetwork.o,/home/roberto/dana//components/net/TCP.o,../repository/request/RequestHandler.o,../repository/app_protocols/HTTPProtocol.o,../repository/http/HTTPHeader1_0.o,../repository/http/handler/GET/HTTPGET.o,../repository/http/util/HTTPUtil.o,/home/roberto/dana//components/io/File.o,/home/roberto/dana//components/data/StringUtil.o,/home/roberto/dana//components/data/adt/List.o|0:net.TCPSocket:1,0:net.TCPServerSocket:1,0:request.RequestHandler:2,2:app_protocols.AppProtocol:3,3:http.HTTPHeader:4,4:http.handler.GET.HTTPGET:5,4:http.util.HTTPUtil:6,6:io.FileSystem:7,6:data.StringUtil:8,8:data.adt.List:9,5:io.File:7|",1,1,0,0
4,"|../repository/TCPNetwork.o,/home/roberto/dana//components/net/TCP.o,../repository/request/RequestHandler.o,../repository/app_protocols/HTTPProtocol.o,../repository/http/HTTPHeader1_0.o,../repository/http/handler/GET/HTTPGETCHCMP.o,../repository/http/util/HTTPUtil.o,/home/roberto/dana//components/io/File.o,/home/roberto/dana//components/data/StringUtil.o,/home/roberto/dana//components/data/adt/List.o,../repository/compression/ZLIB.o,/home/roberto/dana//components/os/Run.o,/home/roberto/dana//components/time/DateUtil.o,../repository/cache/CacheHandlerLFU.o|0:net.TCPSocket:1,0:net.TCPServerSocket:1,0:request.RequestHandler:2,2:app_protocols.AppProtocol:3,3:http.HTTPHeader:4,4:http.handler.GET.HTTPGET:5,4:http.util.HTTPUtil:6,6:io.FileSystem:7,6:data.StringUtil:8,8:data.adt.List:9,5:io.File:7,5:compression.Compression:10,10:os.Run:11,10:time.DateUtil:12,10:io.FileSystem:7,5:cache.CacheHandler:13,5:io.FileSystem:7|",1,2,2,2
5,"|../repository/TCPNetwork.o,/home/roberto/dana//components/net/TCP.o,../repository/request/RequestHandler.o,../repository/app_protocols/HTTPProtocol.o,../repository/http/HTTPHeader1_0.o,../repository/http/handler/GET/HTTPGETCMP.o,/home/roberto/dana//components/io/File.o,../repository/compression/GZ.o,../repository/http/util/HTTPUtil.o,/home/roberto/dana//components/data/StringUtil.o,/home/roberto/dana//components/data/adt/List.o,/home/roberto/dana//components/compress/Compressor.gzip.o,/home/roberto/dana//components/compress/algorithm/StreamCompression.deflate.o,/home/roberto/dana//components/data/checksum/CRC32.o|0:net.TCPSocket:1,0:net.TCPServerSocket:1,0:request.RequestHandler:2,2:app_protocols.AppProtocol:3,3:http.HTTPHeader:4,4:http.handler.GET.HTTPGET:5,5:io.File:6,5:compression.Compression:7,4:http.util.HTTPUtil:8,8:io.FileSystem:6,8:data.StringUtil:9,9:data.adt.List:10,7:io.File:6,7:compress.Compressor-gzip:11,11:compress.algorithm.StreamCompression-deflate:12,11:data.checksum.CRC32:13|",1,4,1,0
6,"|../repository/TCPNetwork.o,/home/roberto/dana//components/net/TCP.o,../repository/request/RequestHandlerPT.o,../repository/app_protocols/HTTPProtocol.o,../repository/http/HTTPHeader1_0.o,../repository/http/handler/GET/HTTPGETCH.o,../repository/http/util/HTTPUtil.o,/home/roberto/dana//components/io/File.o,/home/roberto/dana//components/data/StringUtil.o,/home/roberto/dana//components/data/adt/List.o,../repository/cache/CacheHandlerLFU.o|0:net.TCPSocket:1,0:net.TCPServerSocket:1,0:request.RequestHandler:2,2:app_protocols.AppProtocol:3,3:http.HTTPHeader:4,4:http.handler.GET.HTTPGET:5,4:http.util.HTTPUtil:6,6:io.FileSystem:7,6:data.StringUtil:8,8:data.adt.List:9,5:io.File:7,5:cache.CacheHandler:10,5:io.FileSystem:7|",2,3,0,2
7,"|../repository/TCPNetwork.o,/home/roberto/dana//components/net/TCP.o,../repository/request/RequestHandlerPT.o,../repository/app_protocols/HTTPProtocol.o,../repository/http/HTTPHeader1_0.o,../repository/http/handler/GET/HTTPGET.o,../repository/http/util/HTTPUtil.o,/home/roberto/dana//components/io/File.o,/home/roberto/dana//components/data/StringUtil.o,/home/roberto/dana//components/data/adt/List.o|0:net.TCPSocket:1,0:net.TCPServerSocket:1,0:request.RequestHandler:2,2:app_protocols.AppProtocol:3,3:http.HTTPHeader:4,4:http.handler.GET.HTTPGET:5,4:http.util.HTTPUtil:6,6:io.FileSystem:7,6:data.StringUtil:8,8:data.adt.List:9,5:io.File:7|",2,1,0,0
8,"|../repository/TCPNetwork.o,/home/roberto/dana//components/net/TCP.o,../repository/request/RequestHandlerPT.o,../repository/app_protocols/HTTPProtocol.o,../repository/http/HTTPHeader1_0.o,../repository/http/handler/GET/HTTPGETCHCMP.o,../repository/http/util/HTTPUtil.o,/home/roberto/dana//components/io/File.o,/home/roberto/dana//components/data/StringUtil.o,/home/roberto/dana//components/data/adt/List.o,../repository/compression/ZLIB.o,/home/roberto/dana//components/os/Run.o,/home/roberto/dana//components/time/DateUtil.o,../repository/cache/CacheHandlerLFU.o|0:net.TCPSocket:1,0:net.TCPServerSocket:1,0:request.RequestHandler:2,2:app_protocols.AppProtocol:3,3:http.HTTPHeader:4,4:http.handler.GET.HTTPGET:5,4:http.util.HTTPUtil:6,6:io.FileSystem:7,6:data.StringUtil:8,8:data.adt.List:9,5:io.File:7,5:compression.Compression:10,10:os.Run:11,10:time.DateUtil:12,10:io.FileSystem:7,5:cache.CacheHandler:13,5:io.FileSystem:7|",2,2,2,2
9,"|../repository/TCPNetwork.o,/home/roberto/dana//components/net/TCP.o,../repository/request/RequestHandlerPT.o,../repository/app_protocols/HTTPProtocol.o,../repository/http/HTTPHeader1_0.o,../repository/http/handler/GET/HTTPGETCMP.o,/home/roberto/dana//components/io/File.o,../repository/compression/GZ.o,../repository/http/util/HTTPUtil.o,/home/roberto/dana//components/data/StringUtil.o,/home/roberto/dana//components/data/adt/List.o,/home/roberto/dana//components/compress/Compressor.gzip.o,/home/roberto/dana//components/compress/algorithm/StreamCompression.deflate.o,/home/roberto/dana//components/data/checksum/CRC32.o|0:net.TCPSocket:1,0:net.TCPServerSocket:1,0:request.RequestHandler:2,2:app_protocols.AppProtocol:3,3:http.HTTPHeader:4,4:http.handler.GET.HTTPGET:5,5:io.File:6,5:compression.Compression:7,4:http.util.HTTPUtil:8,8:io.FileSystem:6,8:data.StringUtil:9,9:data.adt.List:10,7:io.File:6,7:compress.Compressor-gzip:11,11:compress.algorithm.StreamCompression-deflate:12,11:data.checksum.CRC32:13|",2,4,1,0
10,"|../repository/TCPNetwork.o,/home/roberto/dana//components/net/TCP.o,../repository/request/RequestHandler.o,../repository/app_protocols/HTTPProtocol.o,../repository/http/HTTPHeader1_0.o,../repository/http/handler/GET/HTTPGETCH.o,../repository/http/util/HTTPUtil.o,/home/roberto/dana//components/io/File.o,/home/roberto/dana//components/data/StringUtil.o,/home/roberto/dana//components/data/adt/List.o,../repository/cache/CacheHandlerMRU.o,/home/roberto/dana//components/time/Calendar.o,/home/roberto/dana//components/time/DateUtil.o|0:net.TCPSocket:1,0:net.TCPServerSocket:1,0:request.RequestHandler:2,2:app_protocols.AppProtocol:3,3:http.HTTPHeader:4,4:http.handler.GET.HTTPGET:5,4:http.util.HTTPUtil:6,6:io.FileSystem:7,6:data.StringUtil:8,8:data.adt.List:9,5:io.File:7,5:cache.CacheHandler:10,5:io.FileSystem:7,10:time.Calendar:11,10:time.DateUtil:12|",1,3,0,4
11,"|../repository/TCPNetwork.o,/home/roberto/dana//components/net/TCP.o,../repository/request/RequestHandler.o,../repository/app_protocols/HTTPProtocol.o,../repository/http/HTTPHeader1_0.o,../repository/http/handler/GET/HTTPGETCH.o,../repository/http/util/HTTPUtil.o,/home/roberto/dana//components/io/File.o,/home/roberto/dana//components/data/StringUtil.o,/home/roberto/dana//components/data/adt/List.o,../repository/cache/CacheHandlerRR.o,/home/roberto/dana//components/util/RandomInt.o,/home/roberto/dana//components/time/Calendar.o|0:net.TCPSocket:1,0:net.TCPServerSocket:1,0:request.RequestHandler:2,2:app_protocols.AppProtocol:3,3:http.HTTPHeader:4,4:http.handler.GET.HTTPGET:5,4:http.util.HTTPUtil:6,6:io.FileSystem:7,6:data.StringUtil:8,8:data.adt.List:9,5:io.File:7,5:cache.CacheHandler:10,5:io.FileSystem:7,10:util.RandomInt:11,10:time.Calendar:12|",1,3,0,5
12,"|../repository/TCPNetwork.o,/home/roberto/dana//components/net/TCP.o,../repository/request/RequestHandler.o,../repository/app_protocols/HTTPProtocol.o,../repository/http/HTTPHeader1_0.o,../repository/http/handler/GET/HTTPGETCH.o,../repository/http/util/HTTPUtil.o,/home/roberto/dana//components/io/File.o,/home/roberto/dana//components/data/StringUtil.o,/home/roberto/dana//components/data/adt/List.o,../repository/cache/CacheHandlerLRU.o,/home/roberto/dana//components/time/DateUtil.o,/home/roberto/dana//components/time/Calendar.o|0:net.TCPSocket:1,0:net.TCPServerSocket:1,0:request.RequestHandler:2,2:app_protocols.AppProtocol:3,3:http.HTTPHeader:4,4:http.handler.GET.HTTPGET:5,4:http.util.HTTPUtil:6,6:io.FileSystem:7,6:data.StringUtil:8,8:data.adt.List:9,5:io.File:7,5:cache.CacheHandler:10,5:io.FileSystem:7,10:time.DateUtil:11,10:time.Calendar:12|",1,3,0,3
13,"|../repository/TCPNetwork.o,/home/roberto/dana//components/net/TCP.o,../repository/request/RequestHandler.o,../repository/app_protocols/HTTPProtocol.o,../repository/http/HTTPHeader1_0.o,../repository/http/handler/GET/HTTPGETCH.o,../repository/http/util/HTTPUtil.o,/home/roberto/dana//components/io/File.o,/home/roberto/dana//components/data/StringUtil.o,/home/roberto/dana//components/data/adt/List.o,../repository/cache/CacheHandler.o|0:net.TCPSocket:1,0:net.TCPServerSocket:1,0:request.RequestHandler:2,2:app_protocols.AppProtocol:3,3:http.HTTPHeader:4,4:http.handler.GET.HTTPGET:5,4:http.util.HTTPUtil:6,6:io.FileSystem:7,6:data.StringUtil:8,8:data.adt.List:9,5:io.File:7,5:cache.CacheHandler:10,5:io.FileSystem:7|",1,3,0,1
14,"|../repository/TCPNetwork.o,/home/roberto/dana//components/net/TCP.o,../repository/request/RequestHandler.o,../repository/app_protocols/HTTPProtocol.o,../repository/http/HTTPHeader1_0.o,../repository/http/handler/GET/HTTPGETCH.o,../repository/http/util/HTTPUtil.o,/home/roberto/dana//components/io/File.o,/home/roberto/dana//components/data/StringUtil.o,/home/roberto/dana//components/data/adt/List.o,../repository/cache/CacheHandlerFS.o|0:net.TCPSocket:1,0:net.TCPServerSocket:1,0:request.RequestHandler:2,2:app_protocols.AppProtocol:3,3:http.HTTPHeader:4,4:http.handler.GET.HTTPGET:5,4:http.util.HTTPUtil:6,6:io.FileSystem:7,6:data.StringUtil:8,8:data.adt.List:9,5:io.File:7,5:cache.CacheHandler:10,5:io.FileSystem:7|",1,3,0,6
15,"|../repository/TCPNetwork.o,/home/roberto/dana//components/net/TCP.o,../repository/request/RequestHandler.o,../repository/app_protocols/HTTPProtocol.o,../repository/http/HTTPHeader1_0.o,../repository/http/handler/GET/HTTPGETCHCMP.o,../repository/http/util/HTTPUtil.o,/home/roberto/dana//components/io/File.o,/home/roberto/dana//components/data/StringUtil.o,/home/roberto/dana//components/data/adt/List.o,../repository/compression/GZ.o,../repository/cache/CacheHandlerLFU.o,/home/roberto/dana//components/compress/Compressor.gzip.o,/home/roberto/dana//components/compress/algorithm/StreamCompression.deflate.o,/home/roberto/dana//components/data/checksum/CRC32.o|0:net.TCPSocket:1,0:net.TCPServerSocket:1,0:request.RequestHandler:2,2:app_protocols.AppProtocol:3,3:http.HTTPHeader:4,4:http.handler.GET.HTTPGET:5,4:http.util.HTTPUtil:6,6:io.FileSystem:7,6:data.StringUtil:8,8:data.adt.List:9,5:io.File:7,5:compression.Compression:10,5:cache.CacheHandler:11,5:io.FileSystem:7,10:io.File:7,10:compress.Compressor-gzip:12,12:compress.algorithm.StreamCompression-deflate:13,12:data.checksum.CRC32:14|",1,2,1,2
16,"|../repository/TCPNetwork.o,/home/roberto/dana//components/net/TCP.o,../repository/request/RequestHandler.o,../repository/app_protocols/HTTPProtocol.o,../repository/http/HTTPHeader1_0.o,../repository/http/handler/GET/HTTPGETCHCMP.o,../repository/http/util/HTTPUtil.o,/home/roberto/dana//components/io/File.o,/home/roberto/dana//components/data/StringUtil.o,/home/roberto/dana//components/data/adt/List.o,../repository/compression/ZLIB.o,/home/roberto/dana//components/os/Run.o,/home/roberto/dana//components/time/DateUtil.o,../repository/cache/CacheHandlerMRU.o,/home/roberto/dana//components/time/Calendar.o|0:net.TCPSocket:1,0:net.TCPServerSocket:1,0:request.RequestHandler:2,2:app_protocols.AppProtocol:3,3:http.HTTPHeader:4,4:http.handler.GET.HTTPGET:5,4:http.util.HTTPUtil:6,6:io.FileSystem:7,6:data.StringUtil:8,8:data.adt.List:9,5:io.File:7,5:compression.Compression:10,10:os.Run:11,10:time.DateUtil:12,10:io.FileSystem:7,5:cache.CacheHandler:13,5:io.FileSystem:7,13:time.Calendar:14,13:time.DateUtil:12|",1,2,2,4
17,"|../repository/TCPNetwork.o,/home/roberto/dana//components/net/TCP.o,../repository/request/RequestHandler.o,../repository/app_protocols/HTTPProtocol.o,../repository/http/HTTPHeader1_0.o,../repository/http/handler/GET/HTTPGETCHCMP.o,../repository/http/util/HTTPUtil.o,/home/roberto/dana//components/io/File.o,/home/roberto/dana//components/data/StringUtil.o,/home/roberto/dana//components/data/adt/List.o,../repository/compression/ZLIB.o,/home/roberto/dana//components/os/Run.o,/home/roberto/dana//components/time/DateUtil.o,../repository/cache/CacheHandlerRR.o,/home/roberto/dana//components/util/RandomInt.o,/home/roberto/dana//components/time/Calendar.o|0:net.TCPSocket:1,0:net.TCPServerSocket:1,0:request.RequestHandler:2,2:app_protocols.AppProtocol:3,3:http.HTTPHeader:4,4:http.handler.GET.HTTPGET:5,4:http.util.HTTPUtil:6,6:io.FileSystem:7,6:data.StringUtil:8,8:data.adt.List:9,5:io.File:7,5:compression.Compression:10,10:os.Run:11,10:time.DateUtil:12,10:io.FileSystem:7,5:cache.CacheHandler:13,5:io.FileSystem:7,13:util.RandomInt:14,13:time.Calendar:15|",1,2,2,5
18,"|../repository/TCPNetwork.o,/home/roberto/dana//components/net/TCP.o,../repository/request/RequestHandler.o,../repository/app_protocols/HTTPProtocol.o,../repository/http/HTTPHeader1_0.o,../repository/http/handler/GET/HTTPGETCHCMP.o,../repository/http/util/HTTPUtil.o,/home/roberto/dana//components/io/File.o,/home/roberto/dana//components/data/StringUtil.o,/home/roberto/dana//components/data/adt/List.o,../repository/compression/ZLIB.o,/home/roberto/dana//components/os/Run.o,/home/roberto/dana//components/time/DateUtil.o,../repository/cache/CacheHandlerLRU.o,/home/roberto/dana//components/time/Calendar.o|0:net.TCPSocket:1,0:net.TCPServerSocket:1,0:request.RequestHandler:2,2:app_protocols.AppProtocol:3,3:http.HTTPHeader:4,4:http.handler.GET.HTTPGET:5,4:http.util.HTTPUtil:6,6:io.FileSystem:7,6:data.StringUtil:8,8:data.adt.List:9,5:io.File:7,5:compression.Compression:10,10:os.Run:11,10:time.DateUtil:12,10:io.FileSystem:7,5:cache.CacheHandler:13,5:io.FileSystem:7,13:time.DateUtil:12,13:time.Calendar:14|",1,2,2,3
19,"|../repository/TCPNetwork.o,/home/roberto/dana//components/net/TCP.o,../repository/request/RequestHandler.o,../repository/app_protocols/HTTPProtocol.o,../repository/http/HTTPHeader1_0.o,../repository/http/handler/GET/HTTPGETCHCMP.o,../repository/http/util/HTTPUtil.o,/home/roberto/dana//components/io/File.o,/home/roberto/dana//components/data/StringUtil.o,/home/roberto/dana//components/data/adt/List.o,../repository/compression/ZLIB.o,/home/roberto/dana//components/os/Run.o,/home/roberto/dana//components/time/DateUtil.o,../repository/cache/CacheHandler.o|0:net.TCPSocket:1,0:net.TCPServerSocket:1,0:request.RequestHandler:2,2:app_protocols.AppProtocol:3,3:http.HTTPHeader:4,4:http.handler.GET.HTTPGET:5,4:http.util.HTTPUtil:6,6:io.FileSystem:7,6:data.StringUtil:8,8:data.adt.List:9,5:io.File:7,5:compression.Compression:10,10:os.Run:11,10:time.DateUtil:12,10:io.FileSystem:7,5:cache.CacheHandler:13,5:io.FileSystem:7|",1,2,2,1
20,"|../repository/TCPNetwork.o,/home/roberto/dana//components/net/TCP.o,../repository/request/RequestHandler.o,../repository/app_protocols/HTTPProtocol.o,../repository/http/HTTPHeader1_0.o,../repository/http/handler/GET/HTTPGETCHCMP.o,../repository/http/util/HTTPUtil.o,/home/roberto/dana//components/io/File.o,/home/roberto/dana//components/data/StringUtil.o,/home/roberto/dana//components/data/adt/List.o,../repository/compression/ZLIB.o,/home/roberto/dana//components/os/Run.o,/home/roberto/dana//components/time/DateUtil.o,../repository/cache/CacheHandlerFS.o|0:net.TCPSocket:1,0:net.TCPServerSocket:1,0:request.RequestHandler:2,2:app_protocols.AppProtocol:3,3:http.HTTPHeader:4,4:http.handler.GET.HTTPGET:5,4:http.util.HTTPUtil:6,6:io.FileSystem:7,6:data.StringUtil:8,8:data.adt.List:9,5:io.File:7,5:compression.Compression:10,10:os.Run:11,10:time.DateUtil:12,10:io.FileSystem:7,5:cache.CacheHandler:13,5:io.FileSystem:7|",1,2,2,6
21,"|../repository/TCPNetwork.o,/home/roberto/dana//components/net/TCP.o,../repository/request/RequestHandlerPT.o,../repository/app_protocols/HTTPProtocol.o,../repository/http/HTTPHeader1_0.o,../repository/http/handler/GET/HTTPGETCH.o,../repository/http/util/HTTPUtil.o,/home/roberto/dana//components/io/File.o,/home/roberto/dana//components/data/StringUtil.o,/home/roberto/dana//components/data/adt/List.o,../repository/cache/CacheHandlerMRU.o,/home/roberto/dana//components/time/Calendar.o,/home/roberto/dana//components/time/DateUtil.o|0:net.TCPSocket:1,0:net.TCPServerSocket:1,0:request.RequestHandler:2,2:app_protocols.AppProtocol:3,3:http.HTTPHeader:4,4:http.handler.GET.HTTPGET:5,4:http.util.HTTPUtil:6,6:io.FileSystem:7,6:data.StringUtil:8,8:data.adt.List:9,5:io.File:7,5:cache.CacheHandler:10,5:io.FileSystem:7,10:time.Calendar:11,10:time.DateUtil:12|",2,3,0,4
22,"|../repository/TCPNetwork.o,/home/roberto/dana//components/net/TCP.o,../repository/request/RequestHandlerPT.o,../repository/app_protocols/HTTPProtocol.o,../repository/http/HTTPHeader1_0.o,../repository/http/handler/GET/HTTPGETCH.o,../repository/http/util/HTTPUtil.o,/home/roberto/dana//components/io/File.o,/home/roberto/dana//components/data/StringUtil.o,/home/roberto/dana//components/data/adt/List.o,../repository/cache/CacheHandlerRR.o,/home/roberto/dana//components/util/RandomInt.o,/home/roberto/dana//components/time/Calendar.o|0:net.TCPSocket:1,0:net.TCPServerSocket:1,0:request.RequestHandler:2,2:app_protocols.AppProtocol:3,3:http.HTTPHeader:4,4:http.handler.GET.HTTPGET:5,4:http.util.HTTPUtil:6,6:io.FileSystem:7,6:data.StringUtil:8,8:data.adt.List:9,5:io.File:7,5:cache.CacheHandler:10,5:io.FileSystem:7,10:util.RandomInt:11,10:time.Calendar:12|",2,3,0,5
23,"|../repository/TCPNetwork.o,/home/roberto/dana//components/net/TCP.o,../repository/request/RequestHandlerPT.o,../repository/app_protocols/HTTPProtocol.o,../repository/http/HTTPHeader1_0.o,../repository/http/handler/GET/HTTPGETCH.o,../repository/http/util/HTTPUtil.o,/home/roberto/dana//components/io/File.o,/home/roberto/dana//components/data/StringUtil.o,/home/roberto/dana//components/data/adt/List.o,../repository/cache/CacheHandlerLRU.o,/home/roberto/dana//components/time/DateUtil.o,/home/roberto/dana//components/time/Calendar.o|0:net.TCPSocket:1,0:net.TCPServerSocket:1,0:request.RequestHandler:2,2:app_protocols.AppProtocol:3,3:http.HTTPHeader:4,4:http.handler.GET.HTTPGET:5,4:http.util.HTTPUtil:6,6:io.FileSystem:7,6:data.StringUtil:8,8:data.adt.List:9,5:io.File:7,5:cache.CacheHandler:10,5:io.FileSystem:7,10:time.DateUtil:11,10:time.Calendar:12|",2,3,0,3
24,"|../repository/TCPNetwork.o,/home/roberto/dana//components/net/TCP.o,../repository/request/RequestHandlerPT.o,../repository/app_protocols/HTTPProtocol.o,../repository/http/HTTPHeader1_0.o,../repository/http/handler/GET/HTTPGETCH.o,../repository/http/util/HTTPUtil.o,/home/roberto/dana//components/io/File.o,/home/roberto/dana//components/data/StringUtil.o,/home/roberto/dana//components/data/adt/List.o,../repository/cache/CacheHandler.o|0:net.TCPSocket:1,0:net.TCPServerSocket:1,0:request.RequestHandler:2,2:app_protocols.AppProtocol:3,3:http.HTTPHeader:4,4:http.handler.GET.HTTPGET:5,4:http.util.HTTPUtil:6,6:io.FileSystem:7,6:data.StringUtil:8,8:data.adt.List:9,5:io.File:7,5:cache.CacheHandler:10,5:io.FileSystem:7|",2,3,0,1
25,"|../repository/TCPNetwork.o,/home/roberto/dana//components/net/TCP.o,../repository/request/RequestHandlerPT.o,../repository/app_protocols/HTTPProtocol.o,../repository/http/HTTPHeader1_0.o,../repository/http/handler/GET/HTTPGETCH.o,../repository/http/util/HTTPUtil.o,/home/roberto/dana//components/io/File.o,/home/roberto/dana//components/data/StringUtil.o,/home/roberto/dana//components/data/adt/List.o,../repository/cache/CacheHandlerFS.o|0:net.TCPSocket:1,0:net.TCPServerSocket:1,0:request.RequestHandler:2,2:app_protocols.AppProtocol:3,3:http.HTTPHeader:4,4:http.handler.GET.HTTPGET:5,4:http.util.HTTPUtil:6,6:io.FileSystem:7,6:data.StringUtil:8,8:data.adt.List:9,5:io.File:7,5:cache.CacheHandler:10,5:io.FileSystem:7|",2,3,0,6
26,"|../repository/TCPNetwork.o,/home/roberto/dana//components/net/TCP.o,../repository/request/RequestHandlerPT.o,../repository/app_protocols/HTTPProtocol.o,../repository/http/HTTPHeader1_0.o,../repository/http/handler/GET/HTTPGETCHCMP.o,../repository/http/util/HTTPUtil.o,/home/roberto/dana//components/io/File.o,/home/roberto/dana//components/data/StringUtil.o,/home/roberto/dana//components/data/adt/List.o,../repository/compression/GZ.o,../repository/cache/CacheHandlerLFU.o,/home/roberto/dana//components/compress/Compressor.gzip.o,/home/roberto/dana//components/compress/algorithm/StreamCompression.deflate.o,/home/roberto/dana//components/data/checksum/CRC32.o|0:net.TCPSocket:1,0:net.TCPServerSocket:1,0:request.RequestHandler:2,2:app_protocols.AppProtocol:3,3:http.HTTPHeader:4,4:http.handler.GET.HTTPGET:5,4:http.util.HTTPUtil:6,6:io.FileSystem:7,6:data.StringUtil:8,8:data.adt.List:9,5:io.File:7,5:compression.Compression:10,5:cache.CacheHandler:11,5:io.FileSystem:7,10:io.File:7,10:compress.Compressor-gzip:12,12:compress.algorithm.StreamCompression-deflate:13,12:data.checksum.CRC32:14|",2,2,1,2
27,"|../repository/TCPNetwork.o,/home/roberto/dana//components/net/TCP.o,../repository/request/RequestHandlerPT.o,../repository/app_protocols/HTTPProtocol.o,../repository/http/HTTPHeader1_0.o,../repository/http/handler/GET/HTTPGETCHCMP.o,../repository/http/util/HTTPUtil.o,/home/roberto/dana//components/io/File.o,/home/roberto/dana//components/data/StringUtil.o,/home/roberto/dana//components/data/adt/List.o,../repository/compression/ZLIB.o,/home/roberto/dana//components/os/Run.o,/home/roberto/dana//components/time/DateUtil.o,../repository/cache/CacheHandlerMRU.o,/home/roberto/dana//components/time/Calendar.o|0:net.TCPSocket:1,0:net.TCPServerSocket:1,0:request.RequestHandler:2,2:app_protocols.AppProtocol:3,3:http.HTTPHeader:4,4:http.handler.GET.HTTPGET:5,4:http.util.HTTPUtil:6,6:io.FileSystem:7,6:data.StringUtil:8,8:data.adt.List:9,5:io.File:7,5:compression.Compression:10,10:os.Run:11,10:time.DateUtil:12,10:io.FileSystem:7,5:cache.CacheHandler:13,5:io.FileSystem:7,13:time.Calendar:14,13:time.DateUtil:12|",2,2,2,4
28,"|../repository/TCPNetwork.o,/home/roberto/dana//components/net/TCP.o,../repository/request/RequestHandlerPT.o,../repository/app_protocols/HTTPProtocol.o,../repository/http/HTTPHeader1_0.o,../repository/http/handler/GET/HTTPGETCHCMP.o,../repository/http/util/HTTPUtil.o,/home/roberto/dana//components/io/File.o,/home/roberto/dana//components/data/StringUtil.o,/home/roberto/dana//components/data/adt/List.o,../repository/compression/ZLIB.o,/home/roberto/dana//components/os/Run.o,/home/roberto/dana//components/time/DateUtil.o,../repository/cache/CacheHandlerRR.o,/home/roberto/dana//components/util/RandomInt.o,/home/roberto/dana//components/time/Calendar.o|0:net.TCPSocket:1,0:net.TCPServerSocket:1,0:request.RequestHandler:2,2:app_protocols.AppProtocol:3,3:http.HTTPHeader:4,4:http.handler.GET.HTTPGET:5,4:http.util.HTTPUtil:6,6:io.FileSystem:7,6:data.StringUtil:8,8:data.adt.List:9,5:io.File:7,5:compression.Compression:10,10:os.Run:11,10:time.DateUtil:12,10:io.FileSystem:7,5:cache.CacheHandler:13,5:io.FileSystem:7,13:util.RandomInt:14,13:time.Calendar:15|",2,2,2,5
29,"|../repository/TCPNetwork.o,/home/roberto/dana//components/net/TCP.o,../repository/request/RequestHandlerPT.o,../repository/app_protocols/HTTPProtocol.o,../repository/http/HTTPHeader1_0.o,../repository/http/handler/GET/HTTPGETCHCMP.o,../repository/http/util/HTTPUtil.o,/home/roberto/dana//components/io/File.o,/home/roberto/dana//components/data/StringUtil.o,/home/roberto/dana//components/data/adt/List.o,../repository/compression/ZLIB.o,/home/roberto/dana//components/os/Run.o,/home/roberto/dana//components/time/DateUtil.o,../repository/cache/CacheHandlerLRU.o,/home/roberto/dana//components/time/Calendar.o|0:net.TCPSocket:1,0:net.TCPServerSocket:1,0:request.RequestHandler:2,2:app_protocols.AppProtocol:3,3:http.HTTPHeader:4,4:http.handler.GET.HTTPGET:5,4:http.util.HTTPUtil:6,6:io.FileSystem:7,6:data.StringUtil:8,8:data.adt.List:9,5:io.File:7,5:compression.Compression:10,10:os.Run:11,10:time.DateUtil:12,10:io.FileSystem:7,5:cache.CacheHandler:13,5:io.FileSystem:7,13:time.DateUtil:12,13:time.Calendar:14|",2,2,2,3
30,"|../repository/TCPNetwork.o,/home/roberto/dana//components/net/TCP.o,../repository/request/RequestHandlerPT.o,../repository/app_protocols/HTTPProtocol.o,../repository/http/HTTPHeader1_0.o,../repository/http/handler/GET/HTTPGETCHCMP.o,../repository/http/util/HTTPUtil.o,/home/roberto/dana//components/io/File.o,/home/roberto/dana//components/data/StringUtil.o,/home/roberto/dana//components/data/adt/List.o,../repository/compression/ZLIB.o,/home/roberto/dana//components/os/Run.o,/home/roberto/dana//components/time/DateUtil.o,../repository/cache/CacheHandler.o|0:net.TCPSocket:1,0:net.TCPServerSocket:1,0:request.RequestHandler:2,2:app_protocols.AppProtocol:3,3:http.HTTPHeader:4,4:http.handler.GET.HTTPGET:5,4:http.util.HTTPUtil:6,6:io.FileSystem:7,6:data.StringUtil:8,8:data.adt.List:9,5:io.File:7,5:compression.Compression:10,10:os.Run:11,10:time.DateUtil:12,10:io.FileSystem:7,5:cache.CacheHandler:13,5:io.FileSystem:7|",2,2,2,1
31,"|../repository/TCPNetwork.o,/home/roberto/dana//components/net/TCP.o,../repository/request/RequestHandlerPT.o,../repository/app_protocols/HTTPProtocol.o,../repository/http/HTTPHeader1_0.o,../repository/http/handler/GET/HTTPGETCHCMP.o,../repository/http/util/HTTPUtil.o,/home/roberto/dana//components/io/File.o,/home/roberto/dana//components/data/StringUtil.o,/home/roberto/dana//components/data/adt/List.o,../repository/compression/ZLIB.o,/home/roberto/dana//components/os/Run.o,/home/roberto/dana//components/time/DateUtil.o,../repository/cache/CacheHandlerFS.o|0:net.TCPSocket:1,0:net.TCPServerSocket:1,0:request.RequestHandler:2,2:app_protocols.AppProtocol:3,3:http.HTTPHeader:4,4:http.handler.GET.HTTPGET:5,4:http.util.HTTPUtil:6,6:io.FileSystem:7,6:data.StringUtil:8,8:data.adt.List:9,5:io.File:7,5:compression.Compression:10,10:os.Run:11,10:time.DateUtil:12,10:io.FileSystem:7,5:cache.CacheHandler:13,5:io.FileSystem:7|",2,2,2,6
32,"|../repository/TCPNetwork.o,/home/roberto/dana//components/net/TCP.o,../repository/request/RequestHandler.o,../repository/app_protocols/HTTPProtocol.o,../repository/http/HTTPHeader1_0.o,../repository/http/handler/GET/HTTPGETCHCMP.o,../repository/http/util/HTTPUtil.o,/home/roberto/dana//components/io/File.o,/home/roberto/dana//components/data/StringUtil.o,/home/roberto/dana//components/data/adt/List.o,../repository/compression/GZ.o,../repository/cache/CacheHandlerMRU.o,/home/roberto/dana//components/compress/Compressor.gzip.o,/home/roberto/dana//components/compress/algorithm/StreamCompression.deflate.o,/home/roberto/dana//components/data/checksum/CRC32.o,/home/roberto/dana//components/time/Calendar.o,/home/roberto/dana//components/time/DateUtil.o|0:net.TCPSocket:1,0:net.TCPServerSocket:1,0:request.RequestHandler:2,2:app_protocols.AppProtocol:3,3:http.HTTPHeader:4,4:http.handler.GET.HTTPGET:5,4:http.util.HTTPUtil:6,6:io.FileSystem:7,6:data.StringUtil:8,8:data.adt.List:9,5:io.File:7,5:compression.Compression:10,5:cache.CacheHandler:11,5:io.FileSystem:7,10:io.File:7,10:compress.Compressor-gzip:12,12:compress.algorithm.StreamCompression-deflate:13,12:data.checksum.CRC32:14,11:time.Calendar:15,11:time.DateUtil:16|",1,2,1,4
33,"|../repository/TCPNetwork.o,/home/roberto/dana//components/net/TCP.o,../repository/request/RequestHandler.o,../repository/app_protocols/HTTPProtocol.o,../repository/http/HTTPHeader1_0.o,../repository/http/handler/GET/HTTPGETCHCMP.o,../repository/http/util/HTTPUtil.o,/home/roberto/dana//components/io/File.o,/home/roberto/dana//components/data/StringUtil.o,/home/roberto/dana//components/data/adt/List.o,../repository/compression/GZ.o,../repository/cache/CacheHandlerRR.o,/home/roberto/dana//components/compress/Compressor.gzip.o,/home/roberto/dana//components/compress/algorithm/StreamCompression.deflate.o,/home/roberto/dana//components/data/checksum/CRC32.o,/home/roberto/dana//components/util/RandomInt.o,/home/roberto/dana//components/time/Calendar.o|0:net.TCPSocket:1,0:net.TCPServerSocket:1,0:request.RequestHandler:2,2:app_protocols.AppProtocol:3,3:http.HTTPHeader:4,4:http.handler.GET.HTTPGET:5,4:http.util.HTTPUtil:6,6:io.FileSystem:7,6:data.StringUtil:8,8:data.adt.List:9,5:io.File:7,5:compression.Compression:10,5:cache.CacheHandler:11,5:io.FileSystem:7,10:io.File:7,10:compress.Compressor-gzip:12,12:compress.algorithm.StreamCompression-deflate:13,12:data.checksum.CRC32:14,11:util.RandomInt:15,11:time.Calendar:16|",1,2,1,5
34,"|../repository/TCPNetwork.o,/home/roberto/dana//components/net/TCP.o,../repository/request/RequestHandler.o,../repository/app_protocols/HTTPProtocol.o,../repository/http/HTTPHeader1_0.o,../repository/http/handler/GET/HTTPGETCHCMP.o,../repository/http/util/HTTPUtil.o,/home/roberto/dana//components/io/File.o,/home/roberto/dana//components/data/StringUtil.o,/home/roberto/dana//components/data/adt/List.o,../repository/compression/GZ.o,../repository/cache/CacheHandlerLRU.o,/home/roberto/dana//components/compress/Compressor.gzip.o,/home/roberto/dana//components/compress/algorithm/StreamCompression.deflate.o,/home/roberto/dana//components/data/checksum/CRC32.o,/home/roberto/dana//components/time/DateUtil.o,/home/roberto/dana//components/time/Calendar.o|0:net.TCPSocket:1,0:net.TCPServerSocket:1,0:request.RequestHandler:2,2:app_protocols.AppProtocol:3,3:http.HTTPHeader:4,4:http.handler.GET.HTTPGET:5,4:http.util.HTTPUtil:6,6:io.FileSystem:7,6:data.StringUtil:8,8:data.adt.List:9,5:io.File:7,5:compression.Compression:10,5:cache.CacheHandler:11,5:io.FileSystem:7,10:io.File:7,10:compress.Compressor-gzip:12,12:compress.algorithm.StreamCompression-deflate:13,12:data.checksum.CRC32:14,11:time.DateUtil:15,11:time.Calendar:16|",1,2,1,3
35,"|../repository/TCPNetwork.o,/home/roberto/dana//components/net/TCP.o,../repository/request/RequestHandler.o,../repository/app_protocols/HTTPProtocol.o,../repository/http/HTTPHeader1_0.o,../repository/http/handler/GET/HTTPGETCHCMP.o,../repository/http/util/HTTPUtil.o,/home/roberto/dana//components/io/File.o,/home/roberto/dana//components/data/StringUtil.o,/home/roberto/dana//components/data/adt/List.o,../repository/compression/GZ.o,../repository/cache/CacheHandler.o,/home/roberto/dana//components/compress/Compressor.gzip.o,/home/roberto/dana//components/compress/algorithm/StreamCompression.deflate.o,/home/roberto/dana//components/data/checksum/CRC32.o|0:net.TCPSocket:1,0:net.TCPServerSocket:1,0:request.RequestHandler:2,2:app_protocols.AppProtocol:3,3:http.HTTPHeader:4,4:http.handler.GET.HTTPGET:5,4:http.util.HTTPUtil:6,6:io.FileSystem:7,6:data.StringUtil:8,8:data.adt.List:9,5:io.File:7,5:compression.Compression:10,5:cache.CacheHandler:11,5:io.FileSystem:7,10:io.File:7,10:compress.Compressor-gzip:12,12:compress.algorithm.StreamCompression-deflate:13,12:data.checksum.CRC32:14|",1,2,1,1
36,"|../repository/TCPNetwork.o,/home/roberto/dana//components/net/TCP.o,../repository/request/RequestHandler.o,../repository/app_protocols/HTTPProtocol.o,../repository/http/HTTPHeader1_0.o,../repository/http/handler/GET/HTTPGETCHCMP.o,../repository/http/util/HTTPUtil.o,/home/roberto/dana//components/io/File.o,/home/roberto/dana//components/data/StringUtil.o,/home/roberto/dana//components/data/adt/List.o,../repository/compression/GZ.o,../repository/cache/CacheHandlerFS.o,/home/roberto/dana//components/compress/Compressor.gzip.o,/home/roberto/dana//components/compress/algorithm/StreamCompression.deflate.o,/home/roberto/dana//components/data/checksum/CRC32.o|0:net.TCPSocket:1,0:net.TCPServerSocket:1,0:request.RequestHandler:2,2:app_protocols.AppProtocol:3,3:http.HTTPHeader:4,4:http.handler.GET.HTTPGET:5,4:http.util.HTTPUtil:6,6:io.FileSystem:7,6:data.StringUtil:8,8:data.adt.List:9,5:io.File:7,5:compression.Compression:10,5:cache.CacheHandler:11,5:io.FileSystem:7,10:io.File:7,10:compress.Compressor-gzip:12,12:compress.algorithm.StreamCompression-deflate:13,12:data.checksum.CRC32:14|",1,2,1,6
37,"|../repository/TCPNetwork.o,/home/roberto/dana//components/net/TCP.o,../repository/request/RequestHandlerPT.o,../repository/app_protocols/HTTPProtocol.o,../repository/http/HTTPHeader1_0.o,../repository/http/handler/GET/HTTPGETCHCMP.o,../repository/http/util/HTTPUtil.o,/home/roberto/dana//components/io/File.o,/home/roberto/dana//components/data/StringUtil.o,/home/roberto/dana//components/data/adt/List.o,../repository/compression/GZ.o,../repository/cache/CacheHandlerMRU.o,/home/roberto/dana//components/compress/Compressor.gzip.o,/home/roberto/dana//components/compress/algorithm/StreamCompression.deflate.o,/home/roberto/dana//components/data/checksum/CRC32.o,/home/roberto/dana//components/time/Calendar.o,/home/roberto/dana//components/time/DateUtil.o|0:net.TCPSocket:1,0:net.TCPServerSocket:1,0:request.RequestHandler:2,2:app_protocols.AppProtocol:3,3:http.HTTPHeader:4,4:http.handler.GET.HTTPGET:5,4:http.util.HTTPUtil:6,6:io.FileSystem:7,6:data.StringUtil:8,8:data.adt.List:9,5:io.File:7,5:compression.Compression:10,5:cache.CacheHandler:11,5:io.FileSystem:7,10:io.File:7,10:compress.Compressor-gzip:12,12:compress.algorithm.StreamCompression-deflate:13,12:data.checksum.CRC32:14,11:time.Calendar:15,11:time.DateUtil:16|",2,2,1,4
38,"|../repository/TCPNetwork.o,/home/roberto/dana//components/net/TCP.o,../repository/request/RequestHandlerPT.o,../repository/app_protocols/HTTPProtocol.o,../repository/http/HTTPHeader1_0.o,../repository/http/handler/GET/HTTPGETCHCMP.o,../repository/http/util/HTTPUtil.o,/home/roberto/dana//components/io/File.o,/home/roberto/dana//components/data/StringUtil.o,/home/roberto/dana//components/data/adt/List.o,../repository/compression/GZ.o,../repository/cache/CacheHandlerRR.o,/home/roberto/dana//components/compress/Compressor.gzip.o,/home/roberto/dana//components/compress/algorithm/StreamCompression.deflate.o,/home/roberto/dana//components/data/checksum/CRC32.o,/home/roberto/dana//components/util/RandomInt.o,/home/roberto/dana//components/time/Calendar.o|0:net.TCPSocket:1,0:net.TCPServerSocket:1,0:request.RequestHandler:2,2:app_protocols.AppProtocol:3,3:http.HTTPHeader:4,4:http.handler.GET.HTTPGET:5,4:http.util.HTTPUtil:6,6:io.FileSystem:7,6:data.StringUtil:8,8:data.adt.List:9,5:io.File:7,5:compression.Compression:10,5:cache.CacheHandler:11,5:io.FileSystem:7,10:io.File:7,10:compress.Compressor-gzip:12,12:compress.algorithm.StreamCompression-deflate:13,12:data.checksum.CRC32:14,11:util.RandomInt:15,11:time.Calendar:16|",2,2,1,5
39,"|../repository/TCPNetwork.o,/home/roberto/dana//components/net/TCP.o,../repository/request/RequestHandlerPT.o,../repository/app_protocols/HTTPProtocol.o,../repository/http/HTTPHeader1_0.o,../repository/http/handler/GET/HTTPGETCHCMP.o,../repository/http/util/HTTPUtil.o,/home/roberto/dana//components/io/File.o,/home/roberto/dana//components/data/StringUtil.o,/home/roberto/dana//components/data/adt/List.o,../repository/compression/GZ.o,../repository/cache/CacheHandlerLRU.o,/home/roberto/dana//components/compress/Compressor.gzip.o,/home/roberto/dana//components/compress/algorithm/StreamCompression.deflate.o,/home/roberto/dana//components/data/checksum/CRC32.o,/home/roberto/dana//components/time/DateUtil.o,/home/roberto/dana//components/time/Calendar.o|0:net.TCPSocket:1,0:net.TCPServerSocket:1,0:request.RequestHandler:2,2:app_protocols.AppProtocol:3,3:http.HTTPHeader:4,4:http.handler.GET.HTTPGET:5,4:http.util.HTTPUtil:6,6:io.FileSystem:7,6:data.StringUtil:8,8:data.adt.List:9,5:io.File:7,5:compression.Compression:10,5:cache.CacheHandler:11,5:io.FileSystem:7,10:io.File:7,10:compress.Compressor-gzip:12,12:compress.algorithm.StreamCompression-deflate:13,12:data.checksum.CRC32:14,11:time.DateUtil:15,11:time.Calendar:16|",2,2,1,3
40,"|../repository/TCPNetwork.o,/home/roberto/dana//components/net/TCP.o,../repository/request/RequestHandlerPT.o,../repository/app_protocols/HTTPProtocol.o,../repository/http/HTTPHeader1_0.o,../repository/http/handler/GET/HTTPGETCHCMP.o,../repository/http/util/HTTPUtil.o,/home/roberto/dana//components/io/File.o,/home/roberto/dana//components/data/StringUtil.o,/home/roberto/dana//components/data/adt/List.o,../repository/compression/GZ.o,../repository/cache/CacheHandler.o,/home/roberto/dana//components/compress/Compressor.gzip.o,/home/roberto/dana//components/compress/algorithm/StreamCompression.deflate.o,/home/roberto/dana//components/data/checksum/CRC32.o|0:net.TCPSocket:1,0:net.TCPServerSocket:1,0:request.RequestHandler:2,2:app_protocols.AppProtocol:3,3:http.HTTPHeader:4,4:http.handler.GET.HTTPGET:5,4:http.util.HTTPUtil:6,6:io.FileSystem:7,6:data.StringUtil:8,8:data.adt.List:9,5:io.File:7,5:compression.Compression:10,5:cache.CacheHandler:11,5:io.FileSystem:7,10:io.File:7,10:compress.Compressor-gzip:12,12:compress.algorithm.StreamCompression-deflate:13,12:data.checksum.CRC32:14|",2,2,1,1
41,"|../repository/TCPNetwork.o,/home/roberto/dana//components/net/TCP.o,../repository/request/RequestHandlerPT.o,../repository/app_protocols/HTTPProtocol.o,../repository/http/HTTPHeader1_0.o,../repository/http/handler/GET/HTTPGETCHCMP.o,../repository/http/util/HTTPUtil.o,/home/roberto/dana//components/io/File.o,/home/roberto/dana//components/data/StringUtil.o,/home/roberto/dana//components/data/adt/List.o,../repository/compression/GZ.o,../repository/cache/CacheHandlerFS.o,/home/roberto/dana//components/compress/Compressor.gzip.o,/home/roberto/dana//components/compress/algorithm/StreamCompression.deflate.o,/home/roberto/dana//components/data/checksum/CRC32.o|0:net.TCPSocket:1,0:net.TCPServerSocket:1,0:request.RequestHandler:2,2:app_protocols.AppProtocol:3,3:http.HTTPHeader:4,4:http.handler.GET.HTTPGET:5,4:http.util.HTTPUtil:6,6:io.FileSystem:7,6:data.StringUtil:8,8:data.adt.List:9,5:io.File:7,5:compression.Compression:10,5:cache.CacheHandler:11,5:io.FileSystem:7,10:io.File:7,10:compress.Compressor-gzip:12,12:compress.algorithm.StreamCompression-deflate:13,12:data.checksum.CRC32:14|",2,2,1,6
